local_path,size,sha256
.gitignore,715,48c257feb8367fdf2ffc3f883e9e9521ea20d76842288ed0b937ab1d001fc9c6
01_资料清单.md,1678,d21af4fd4c7d3a7ae537d985e047d564f851761c28373e808cbf5e391924f646
02_研究准备与待核对事项.md,4417,72cfd5ad209538154f4c0127e616c9988203692e2d6255277c5d8b0c8e21d0c5
03_复核与复现说明.md,2777,49c753734232c8743f8737d31ed6160674cde3f9a6099db4897f94853ec43248
README.md,3432,4760955f9572345cc31174352e861aa48522151679f1d60a5965d4f4e7d8afe5
THIRD_PARTY_NOTICES.md,2113,4be6f4fdbac41c419ef173771d78e83ba1cbf0b2f10d4e4897c532c99509bfb3
任务书/张艺馨本科毕业设计任务书_填写版.docx,33682,682a5e3b3f638369a9eba70ab6bf6b55be579f915a3a16febf159d67cffb669a
使用说明.md,317,10057f62047bd657575d3e40df7c51107a38b5d277d20b664a18385b5c409bdc
修复目录链接.py,1218,8fd99be390bf563f8c4dba03535a37a4e0825ecb5b434429aaa1d57be8d8f62a
实验/使用说明.md,550,05379cfe3dfaf4bd0d246daf27bf3d69ad79133829d206bf9d1bfa77351c5e4e
实验/复核结果.command,201,0614775811a6c6d0ed7d4139786a9de4905c93a0fe89a592580ccd0a400a6c4e
实验/数据/README.md,2175,9c6f15bdfc1632edf0ca107b608c731b619725b0f9b52d35a8f0fc6ab8b13d1a
实验/数据/processed/phase1_v3/strict/official_fulltrain/prototype/manifest.json,1676,076052b729878012a79bcc82bf6af5ada70beac4885e3a7f8a0b4f566ca60898
实验/数据/processed/phase1_v3/strict/official_fulltrain/prototype/official_dev_prototype_evidence.jsonl.gz,7445143,8cb11c0341f816ace8931c985d70de4256383307c7d832b0c71681b55e4d3432
实验/数据/原始数据校验清单.json,906,31aa5e1aafa99440e9409948a1e33ffc431eb909f620de8f03fe370c7522f1f3
实验/程序/.gitignore,283,1cc9783cea1f6644a8f7655b7aa70917120ce091a0b2863c678ea493287ca43c
实验/程序/README.md,2116,d7d42162b19445784919fde01ad87a4b91b840cadade93d10cb8931f26798fb7
实验/程序/colab/__init__.py,77,82a5b3ae053b5fde3c6b2da73088fc79fac85844abf2e49983f077ef3d668570
实验/程序/colab/export_fp16_checkpoint_v3.py,6011,4ee8ca19e2d5784f923352332666a51038e5ef40e71e1f008b0177df1a9c4301
实验/程序/colab/generate_atomic_mentions_v3.py,15022,6be54de0280495b223edb02e4e1e3d435f705b779f563e380862a8b7c8ba9f94
实验/程序/colab/requirements-colab.txt,81,0b73c7b59b406f1fb7d8e9131096fc0df2757a028dc36d799fc04678f5cf42bd
实验/程序/colab/train_biencoder.py,36832,6873fc350800624519e2b0a9c23bb389a10387e71e3f4a8d84429a64bc3883d6
实验/程序/colab/train_count_v3.py,25959,c97385803b30c0a0fda95bb47055a712e49ebb8bff6fa0c25352f0efad34bbfb
实验/程序/colab/train_official_biencoder_v3.py,13285,a0af59feebd4f975a4f7240cf3ea7c42c4f8eb615c901f3fba6faff5ba20303c
实验/程序/colab/train_official_count_v3.py,12610,f0f2b50168fffd177a3ab3b0f427059d47aaf9371cc13d2e6f5c2c6090dad25e
实验/程序/colab/train_official_ranker_v3.py,18502,786052a4cd55e1eb3a473d07a77e31bb2bac086cd35f02723c54a135166bbea0
实验/程序/colab/train_ranker_v3.py,59050,a3882fcc16d68be887cc2515a27a0b8f0cbab6480c959be178ea56a8d677e1e0
实验/程序/configs/phase1_v3/official_dev_atomic_qwen_full.json,555,e5218f3286a69bf13ed0e14bafadb1391599acd629ee50433cd87673412dc11a
实验/程序/configs/phase1_v3/official_fulltrain_retriever.json,605,aba9272f8629d9d372a9ed3ace29f2de8e8f54819085b6360ceac5603aed82a5
实验/程序/pyproject.toml,1111,20ed95f59617055d052ef204b828ae54872ad876258b2bf6b380b159c8016bd2
实验/程序/scripts/__init__.py,57,4cc2507527146454909a50d972eb784d47c4e08dc7b396a28466e5b78fc3b148
实验/程序/scripts/build_official_atomic_colab_bundle_v3.py,2865,dca3ad2978fe37931915ff1298535448f352ffd1d824fdbe5bc21416b0722bfc
实验/程序/scripts/build_official_components_colab_bundle_v3.py,3382,65ca53f22957007f9b9f77f5a385d4ff6a416186478595b82428923801e7650c
实验/程序/scripts/build_official_ranker_data_v3.py,2053,0178ae7f778fee0f64cf1f98f9da37d10dea4dfe8bb7f1737cc4ad35eeb1f6e2
实验/程序/scripts/build_official_retrieval_data_v3.py,1575,bfa933ab8ab4985d5f2c9fdacfe4a097628e4ba13ae513f5b3e3586529381603
实验/程序/scripts/build_official_retriever_colab_bundle_v3.py,3498,2ed875b6ff580a07362e89ab543c77933f434308056ea39697148323fdfc3005
实验/程序/scripts/evaluate_frozen_official_dev_fusion_v3.py,17011,f9932e689e029af4fd8f0aa75b552d335c9f52b61663aefc5061d5019eeda1d3
实验/程序/scripts/prepare_official_data.py,2265,7cce4a59bb187ca04ac93c9f09391f2b0591d38bcdc37256909b60159a8f143e
实验/程序/scripts/validate_official_dev_result_v3.py,3107,9d548d50907d42935e9e12fac1842d629da26e67999a03f5f36bd78b8c73bb58
实验/程序/src/mednorm/__init__.py,78,947c17ded7f83d9a66f516d6c150970faab5bb5d7e93fd78f4d9072f4ab57f91
实验/程序/src/mednorm/atomic_mentions_v3.py,3911,25db7d5e0e7d95690fbfda7e669ef804d7d88e2905e2f557ff54b58d4714edca
实验/程序/src/mednorm/candidate_fusion.py,2946,ea4daac385e43348d60feb7d3af528d2de52726e5a937fb50137967cd10c5484
实验/程序/src/mednorm/cli.py,1012,7c0e6139a5c5ff16f3119e138d92c1b37582e62b1c00af6692b7c9bf10aa3416
实验/程序/src/mednorm/crossencoder_data_v2.py,16286,231b4f4ba38451ad57bc3f55b61f93838b14b277b803bc198dab584ee32509fc
实验/程序/src/mednorm/data.py,3761,aacb1d2715ec84deb3e9c4221f4ba5f80e714e7033f07c904463f79a72e9097d
实验/程序/src/mednorm/decoding.py,3875,16f14472ea0409fe9207dc1fdcc11f2bbbae502057b839b43015612c3934da31
实验/程序/src/mednorm/dense_data.py,4066,e762a5287463684289536bee37bcc91c6d873a78a6ca3fd27a5fdc264debdc60
实验/程序/src/mednorm/dense_training.py,2657,b63349fd33ee223381ddc1bb627a8beaf0db4b12982f4a55e52215e132e5d1b1
实验/程序/src/mednorm/final_evaluation_v3.py,2085,37bf62c8397aae59ef8f2f8c0fdebde33f1fc245b079c64ba171a8701a2a6504
实验/程序/src/mednorm/icd.py,4540,5635e0164db6d8e0932a7e96d8e0a8eae7e1522cc95a08203aba0417c14b1eda
实验/程序/src/mednorm/kg.py,9207,0c43d99a65748a30c68a11e529028f84bf47d6ef60c6f951503663304e624e59
实验/程序/src/mednorm/kg_training_data_v2.py,19897,0159b603716c99a7d59f3a1e7009bb0bbf719a8d83c514cda2213235d652eb4f
实验/程序/src/mednorm/metrics.py,3889,d8919c6be2d076ac9de4a9f8b621cc815fe4195b6f027fa57c795d9847c215fd
实验/程序/src/mednorm/neural_data_v2.py,8652,fa62dc05344b2bc4ccd911357627432a1d84740c7495302dc1cf6b35520935bc
实验/程序/src/mednorm/official_contract_v3.py,1746,ea813b3841c2f8078f653802b44f60a3cd1e1d16bae7c28644cecf44fccc338e
实验/程序/src/mednorm/official_dev_data_v3.py,4323,0e109545a6cb137c9fae64c2db0f9e023436c858555e88bc1dd995b5c0a5d015
实验/程序/src/mednorm/official_fulltrain_v3.py,30485,7e3f142fa24cfa0128083f2e186c67ad0fd5fd8c8461862a15836d4d144d0701
实验/程序/src/mednorm/prepare.py,6390,e87dea64f5961ff81dd7a40b8cb702b473ead2bb85b3abca11d5537aaa7ae145
实验/程序/src/mednorm/profile_data_v3.py,15268,c550c6c38de2c2b8dc04b3393cf52a376ab007dcd03b8846ad6d5ba4fee3b09c
实验/程序/src/mednorm/prototype_evidence_v3.py,10045,9dddb73825ee309015d35a38008e3464a30b8024045cccb3def702d209597306
实验/程序/src/mednorm/py.typed,0,e3b0c44298fc1c149afbf4c8996fb92427ae41e4649b934ca495991b7852b855
实验/程序/src/mednorm/ranking_data_v3.py,10437,a90561b95f433654802fe18a4343423e1abbe611af86db9278791e8c5b16e227
实验/程序/src/mednorm/ranking_loss_v3.py,7175,1ba9eb840dfb6878e096ec8b0b1f92ed088b5b1032a574f9e41d82a9c5ae9a28
实验/程序/src/mednorm/retrieval.py,4434,c38f7e911dae266aedd264578493ad949b78af9b2068c9affb55e1dd5c8e5b96
实验/程序/src/mednorm/text.py,1683,cacdad9f67e34a6274536268520f41a24726d0398e07844968633e1e0e44c9ed
实验/程序/uv.lock,240151,a2a07328db09aa888232e5a5e4e771c63915328eea5e826dbd6a89679bb08b61
实验/结果/phase1_v3/strict/official_fulltrain/OFFICIAL_DRIVE_MANIFEST.json,51449,850d60c131f04171533a126f1abf897b3fbeb9e896fbeb6a7c584517f6f673f5
实验/结果/phase1_v3/strict/official_fulltrain/atomic/official_dev_atomic_mentions.jsonl.gz,71504,e549151e792d6614693642e62a0b56eaaca6fb127bd3ad5ac78ef660906fa969
实验/结果/phase1_v3/strict/official_fulltrain/atomic/report.json,2387,a7865b887bb633040f4a95df682f06a338d99b47b6ff9c7e45dda45b0376dc75
实验/结果/phase1_v3/strict/official_fulltrain/atomic/run_config.json,555,e5218f3286a69bf13ed0e14bafadb1391599acd629ee50433cd87673412dc11a
实验/结果/phase1_v3/strict/official_fulltrain/components/bge_reranker_seed2026/official_dev_scored_predictions.jsonl.gz,17729396,4914a7414591549009986f78a9b96baf34a862797fa1933e51440d10aed94620
实验/结果/phase1_v3/strict/official_fulltrain/components/bge_reranker_seed2026/persistence.json,2887,0d6e5c69095370dc6c72295082190d5721c3b6c791925334f4cd1a06d41ab154
实验/结果/phase1_v3/strict/official_fulltrain/components/bge_reranker_seed2026/report.json,5708,72e310c9389185f9a9f31d67530983b9206ae49e4f6ddc180b202142d6661546
实验/结果/phase1_v3/strict/official_fulltrain/components/bge_reranker_seed2026/run_config.json,1274,a3c7d61c893bbb9f9d94e4aff4806fd9d94ce138c6497472516269bdb5fe9c6d
实验/结果/phase1_v3/strict/official_fulltrain/components/bge_reranker_seed2027/official_dev_scored_predictions.jsonl.gz,17829326,6bcdc93306864553e23537233b03b6128542f81f22448eed0cbee3046f5aea64
实验/结果/phase1_v3/strict/official_fulltrain/components/bge_reranker_seed2027/persistence.json,2887,d905dfaffc404ca73ff52946a1aaa0ce55d72ce3b1722b64b1282a76272ac7b4
实验/结果/phase1_v3/strict/official_fulltrain/components/bge_reranker_seed2027/report.json,5709,4abf6e50d2ad362298a8aa713b04705ac0ff03326d121302e77b8be7fe036d97
实验/结果/phase1_v3/strict/official_fulltrain/components/bge_reranker_seed2027/run_config.json,1274,425d71e02ffe9454b81e2179e60d52235bc0945268f09f4c12bd88bbd47929e6
实验/结果/phase1_v3/strict/official_fulltrain/components/bge_reranker_seed2028/official_dev_scored_predictions.jsonl.gz,18787806,9d6e135c9eb596bf439a4c3d158271f0075d0273d0ea2e6ee7abd4676a3cfaf4
实验/结果/phase1_v3/strict/official_fulltrain/components/bge_reranker_seed2028/persistence.json,2887,05ad021eb638ec5895d6e398c58d81c5161e37aa449065bbc892667a024d1c54
实验/结果/phase1_v3/strict/official_fulltrain/components/bge_reranker_seed2028/report.json,5607,980ed9a0756e67baaf1cdc80712792b38490c1b259526ae7c118bad536776f0a
实验/结果/phase1_v3/strict/official_fulltrain/components/bge_reranker_seed2028/run_config.json,1302,d04153ac204add5e19eba4be835500e3ecc240ef6d122efc3f03cc12018efcb6
实验/结果/phase1_v3/strict/official_fulltrain/components/count_seed2026/official_dev_count_predictions.jsonl.gz,66536,fd2a696ceb933c0813cb39be31c8528d54eae6c7cd69db70ac088cbf4b5bb73e
实验/结果/phase1_v3/strict/official_fulltrain/components/count_seed2026/persistence.json,2813,3f96419422a150584142f5390239cd5683a89d8f35bb8329231371874335b457
实验/结果/phase1_v3/strict/official_fulltrain/components/count_seed2026/report.json,4893,306346384df5256921db567e678b03d9a99c35a328a2f8543cd989174c5b482c
实验/结果/phase1_v3/strict/official_fulltrain/components/count_seed2026/run_config.json,780,93bf71ea02dade5c8f38da0ee9d1be999d707a82bc4b0a19e8277366d4bcbe13
实验/结果/phase1_v3/strict/official_fulltrain/components/count_seed2027/official_dev_count_predictions.jsonl.gz,66046,a145ff163830c2b56bb3828e40a83ee922e0adbd8b13fed318b9a39c3f50853f
实验/结果/phase1_v3/strict/official_fulltrain/components/count_seed2027/persistence.json,2813,b3a3ee68f880dceed27c5522fb691cbf7a9feb8e9031b82a504793a751cd11c3
实验/结果/phase1_v3/strict/official_fulltrain/components/count_seed2027/report.json,4789,1ec00410e72dc4a5bcd0560d6ca1f495555095457cbe9d5a206cfe59bfe51849
实验/结果/phase1_v3/strict/official_fulltrain/components/count_seed2027/run_config.json,780,01a952779661027eb8a1f47111454b7934a5eacba29b2ef59c04e2c14a7cf7d7
实验/结果/phase1_v3/strict/official_fulltrain/components/count_seed2028/official_dev_count_predictions.jsonl.gz,67079,235f18c200540284070a2edfe32b5149c98a947469e2c1e964c1bff1bfef1b11
实验/结果/phase1_v3/strict/official_fulltrain/components/count_seed2028/persistence.json,2813,811b10e55156fff4a1b8ee7edad8036bb82825bc1b870a951b3e5f150a26fb98
实验/结果/phase1_v3/strict/official_fulltrain/components/count_seed2028/report.json,4690,fb503fa4f01f2c3192d465db35fbc18682d9bb866d531954ad82248a7fdc4755
实验/结果/phase1_v3/strict/official_fulltrain/components/count_seed2028/run_config.json,780,90f9d26d10af39936cb448c283c6b72b58038b17e4dce04ca70491cb3fa46a90
实验/结果/phase1_v3/strict/official_fulltrain/components/kg_atomic_macbert_seed2026/official_dev_scored_predictions.jsonl.gz,17019202,bb780b291c0aec87e59500aae8260f4eba5368500d527f18debe2e5e465f6d65
实验/结果/phase1_v3/strict/official_fulltrain/components/kg_atomic_macbert_seed2026/persistence.json,2861,42fadd7e24797043d1f5b5126d1f1e4d059e8a180a9956e327504082398e668b
实验/结果/phase1_v3/strict/official_fulltrain/components/kg_atomic_macbert_seed2026/report.json,6728,8e1e591bebe8dcf29348cbba7bfaeeda69a16a6fbc2037e316c24fd5ac6f78db
实验/结果/phase1_v3/strict/official_fulltrain/components/kg_atomic_macbert_seed2026/run_config.json,1486,65bc8ed81074580eefe21f8be453b74ee75054b260706b0a611233eb02b2ee8e
实验/结果/phase1_v3/strict/official_fulltrain/components/kg_atomic_macbert_seed2027/official_dev_scored_predictions.jsonl.gz,16772637,9d415495d63eb9fb8d769285fc975b8272c5f851a5b684aa272af5ee706d173f
实验/结果/phase1_v3/strict/official_fulltrain/components/kg_atomic_macbert_seed2027/persistence.json,2861,ac4bff8e918e3400050ef7b3216fc747dbd0647a7bce0e0a9863df0bcc5daac8
实验/结果/phase1_v3/strict/official_fulltrain/components/kg_atomic_macbert_seed2027/report.json,6827,bfd346244d84744029d0587be9780ea5e434194738e52f0fb9d8da01f9184e37
实验/结果/phase1_v3/strict/official_fulltrain/components/kg_atomic_macbert_seed2027/run_config.json,1486,6e0f9a16db1c7489ba7f3efeb1d4fc275b39007ba8f5d596bd2a336015c28138
实验/结果/phase1_v3/strict/official_fulltrain/components/kg_atomic_macbert_seed2028/official_dev_scored_predictions.jsonl.gz,16714681,90b0439e3309e30b38c406e2e9ec2d2eecbd916f520d99b4e6afb5a81c6874a0
实验/结果/phase1_v3/strict/official_fulltrain/components/kg_atomic_macbert_seed2028/persistence.json,2861,6678e84cc393e150c31a9e719684701086b35a94888ce10b4dfef55b0a1b16dc
实验/结果/phase1_v3/strict/official_fulltrain/components/kg_atomic_macbert_seed2028/report.json,6723,88874996cd13ccb0f5fc0159542c02fbac645cae4432cad4a46f3150711ee93a
实验/结果/phase1_v3/strict/official_fulltrain/components/kg_atomic_macbert_seed2028/run_config.json,1514,289023596e5d5fc40fca4543805a89ac888686a6195561ac1891354faa96c326
实验/结果/phase1_v3/strict/official_fulltrain/components/o2_macbert_seed2026/official_dev_scored_predictions.jsonl.gz,16604957,18e11706d1b6dfbb7442f4e2e285b33c38fa2f9103ca0fd1efbc0814feb7e192
实验/结果/phase1_v3/strict/official_fulltrain/components/o2_macbert_seed2026/persistence.json,2833,ff9dfc26daf5536df870bed203f88a998fe892e6688987e94a68ce4e55760cf6
实验/结果/phase1_v3/strict/official_fulltrain/components/o2_macbert_seed2026/report.json,5806,01755f2bef20b93dd741fc6f5de0b50d008725b625bdd7ea82cbb54381db4619
实验/结果/phase1_v3/strict/official_fulltrain/components/o2_macbert_seed2026/run_config.json,1276,85a591064bb56c3edf0e07315fa3b7f12cbd1a45ef385f2957a8fb5d8bfc3efc
实验/结果/phase1_v3/strict/official_fulltrain/components/o2_macbert_seed2027/official_dev_scored_predictions.jsonl.gz,16618263,24ed29067ea556a6cfe102bfd34e990e3016577521731eb53498baed5743944a
实验/结果/phase1_v3/strict/official_fulltrain/components/o2_macbert_seed2027/persistence.json,2833,3b62e5bf2a3a75a0930392641ad018e69a9536b2a2e6ea70e153442ce164f091
实验/结果/phase1_v3/strict/official_fulltrain/components/o2_macbert_seed2027/report.json,5801,7603dde1bb1d82166ea247229ffa74e24ada561ef932aec84b1574e3f792662d
实验/结果/phase1_v3/strict/official_fulltrain/components/o2_macbert_seed2027/run_config.json,1276,1f269bf5e6b085349fff52a0e576e5fd94a624ae6b94a94adc0d7070e9713c9b
实验/结果/phase1_v3/strict/official_fulltrain/components/o2_macbert_seed2028/official_dev_scored_predictions.jsonl.gz,17084780,68c97b6ff1788687b48505fe41257bb56f420ae6bda26e3915d7828d5b25f2e5
实验/结果/phase1_v3/strict/official_fulltrain/components/o2_macbert_seed2028/persistence.json,2833,de903d2844702d2416280046b70a0845ba7faed5823743b9b3e6d378ae1b6bf4
实验/结果/phase1_v3/strict/official_fulltrain/components/o2_macbert_seed2028/report.json,5702,cf46af46b9f40de4ae784b3684a09e0684f98f33cefd013c9286b3a7b717d7a7
实验/结果/phase1_v3/strict/official_fulltrain/components/o2_macbert_seed2028/run_config.json,1276,61c0b4cc7f041c5cdfea9de7e95e3b75a54c68157b7e97c81c4aac424e0af11c
实验/结果/phase1_v3/strict/official_fulltrain/official_dev_fusion/independent_validation.json,498,c8bbaa4817794f372b196eacc7b7a25a22bd547c7d09cb48151b72e8f3911580
实验/结果/phase1_v3/strict/official_fulltrain/official_dev_fusion/official_dev_predictions.jsonl.gz,14642081,3b76452efaa9114dd0969b250530428d10d4dfb4f2817b882df541723a04e2a2
实验/结果/phase1_v3/strict/official_fulltrain/official_dev_fusion/report.json,4131,03b4e29c9dbee296d7b2246b7f130d74745224ba0a22a4f72fdeca761389d741
实验/结果/phase1_v3/strict/official_fulltrain/online_reload_validation.json,1011,fe98eefbe28bb2e7a4ba92ebe92892561eb8dbed43f54f02e4437940c930d63e
实验/结果/phase1_v3/strict/official_fulltrain/retriever/official_dev_candidates.jsonl.gz,25807808,1898e585b96559bdd63b406c156067bc0fa4cfde7cabb0fe3deff829581282b4
实验/结果/phase1_v3/strict/official_fulltrain/retriever/official_train_candidates.jsonl.gz,73727273,356c028cc15d23d45abeed2faddfd01a86fbd45a84e11ec197ef9281fbeb3cda
实验/结果/phase1_v3/strict/official_fulltrain/retriever/persistence.json,2736,45600d3cd9790a5c3d946d881e112c39a8b325f1b4daa26967a2f09ec5a89c1e
实验/结果/phase1_v3/strict/official_fulltrain/retriever/report.json,6346,086fd73715e4cb32481541f15f1e8117576bc41b5990fbf2f52bdc758d079c42
实验/结果/phase1_v3/strict/official_fulltrain/retriever/run_config.json,603,eca67965f20afd8076fee2cc1adec28032b2dd6b77e6ab720ab6f8ed4dfc9c7d
开题报告/张艺馨本科毕业论文开题报告_学校模板填写版.docx,25157,b1b43180452347eece7681f9607f131cf878586faadd714c94820441c222b9c7
本次交接保存结果复核.json,567,1f86a6c947c50e19f085ad595768389593a630127fcc4b3ca9536aad291839d7
本次交接融合复算验证.json,498,c8bbaa4817794f372b196eacc7b7a25a22bd547c7d09cb48151b72e8f3911580
检查资料包.py,2838,68cee1bcddb7227294297849bdb7446b3474c583575f5ed5e93387a23ef7edb7
正式模型清单.json,32157,30803be714e78af92f75dcdb5d6e43a2aca8023598634d29febc831c008ecb83
第三方许可/BGE_MIT.txt,1065,587a673933425dbc36ec61268d3b954051b2d3ef3c9b322ede357976055ffdd5
第三方许可/MacBERT_APACHE-2.0.txt,11357,c71d239df91726fc519c6eb72d318ec65820627232b2f796219e87dcf35d0ab4
第三方许可/Noto_Sans_OFL.txt,4301,6a73f9541c2de74158c0e7cf6b0a58ef774f5a780bf191f2d7ec9cc53efe2bf2
第三方许可/Noto_Serif_OFL.txt,4301,6a73f9541c2de74158c0e7cf6b0a58ef774f5a780bf191f2d7ec9cc53efe2bf2
获取完整资料.md,1583,5d2b5a8c6941de07be90da63c03721f46760c437f4d36937c5d14450f7309134
论文/assets/fonts/NotoSansCJKsc-Regular.otf,16437364,2c76254f6fc379fddfce0a7e84fb5385bb135d3e399294f6eeb6680d0365b74b
论文/assets/fonts/NotoSerifCJKsc-Regular.otf,24543080,2a2eae2628df83556c54018c41e20fa532c1b862c5256ae8b3f23feb918d12ca
论文/assets/fonts/fonts.conf,326,b271f2cc0e989a96c986ddf63feec1de60915e9bbf74859aef7939a1af937222
论文/assets_v2/ablation_effects.png,62786,ab6b10d419be096d960206018e4e474484bc810e98dc91cf6e96b3ab49bb027b
论文/assets_v2/count_qwen_decode.png,83565,80e3fae30e82b56023c6aa7c5c3af2e21310043eac83df6582fbb794ead3229d
论文/assets_v2/data_roles.png,81802,cb75508a8226a6d0c08fef0dab5e4ccd9c8c3386f116869538df4311f63e52be
论文/assets_v2/difficulty_examples.png,93053,45ec82c609ea6196cea7b1184e38123863162eed6a5ed4d1f226be70079b0fd9
论文/assets_v2/future_roadmap.png,110469,ae70eea944c8fa30d18ff744e17f6c435f0c745a90a0211d251406846f8cb350
论文/assets_v2/kg_role.png,92372,23df4c31f00b221b9a2a4133f4c7b695db93118246229172747832488771492b
论文/assets_v2/method_simple.png,76629,6a01eb15fc47555a0cc8dec39b9bd2c54092646d5c73dd7da785ea614dd24bfb
论文/assets_v2/result_evolution.png,49207,dd5521d445e5629cce383a7426d3a46df4429cbb355504cc5986893999f3296d
论文/assets_v2/retrieval_funnel.png,68886,80253a0d393c0c45b4a21358979693cccaa52d17da2ba6a34ace343a1da3282f
论文/assets_v2/retrieval_recall_v2.png,41952,69153f8d09b6c67016400244321de2d4f63bf0d3d82db2e5eda6fe375718eed8
论文/assets_v2/standardization_example.png,65371,632cea1bbcad8061f46d0ae01f22e63809ec38a06cd4f2784ff688fcc61b0371
论文/assets_v2/standardization_vs_diagnosis.png,73943,6cef36f958300b0345e767acc4002a4fc8229728be60ced6a8d7ae83cfd01501
论文/assets_v2/subgroup_performance_v2.png,42485,f360de9a9c9a2c7909f94b92457c79dc253218d404b853b36f50a3dcfecc2b02
论文/assets_v2/training_inference.png,94570,1fa3bde3cdd2fc3bb0cab67165f8e8cb49406e138fc9bf79b0ee9939729af036
论文/build_thesis.py,36877,a578d9ac8955e2a2c0498e0e801a0543b6e12755806855d11e27c2600cb3e2ee
论文/build_thesis_v2.py,23204,256bc38f1d36c4ae8306e809dc09aff31616269a721b94ca6ab2dc443de857af
论文/张艺馨本科毕业论文_正式学术版.docx,996155,62364767e87603ad63c7977f01752f1dce84383aaecae6325652bea0067a3dc9
论文/论文正文_v2_简化图解版.md,35392,cc504d3a62cd657a8b5e9e1fa8f3163b7b17bdf2328227e6c01b6a3e5f8d8e84
